{
	"data": {
		"adult": false,
		"backdrop_path": "/70nxSw3mFBsGmtkvcs91PbjerwD.jpg",
		"belongs_to_collection": {
			"id": 558216,
			"name": "Venom Collection",
			"poster_path": "/670x9sf0Ru8y6ezBggmYudx61yB.jpg",
			"backdrop_path": "/rhLspFB1B8ZCkWEHFYmc3NKagzq.jpg"
		},
		"budget": 110000000,
		"genres": [
			{
				"id": 878,
				"name": "Science Fiction"
			},
			{
				"id": 28,
				"name": "Action"
			},
			{
				"id": 12,
				"name": "Adventure"
			}
		],
		"homepage": "https://www.venom.movie",
		"id": 580489,
		"imdb_id": "tt7097896",
		"original_language": "en",
		"original_title": "Venom: Let There Be Carnage",
		"overview": "After finding a host body in investigative reporter Eddie Brock, the alien symbiote must face a new enemy, Carnage, the alter ego of serial killer Cletus Kasady.",
		"popularity": 11363.811,
		"poster_path": "/rjkmN1dniUHVYAtwuV3Tji7FsDO.jpg",
		"production_companies": [
			{
				"id": 7505,
				"logo_path": "/837VMM4wOkODc1idNxGT0KQJlej.png",
				"name": "Marvel Entertainment",
				"origin_country": "US"
			},
			{
				"id": 84041,
				"logo_path": "/nw4kyc29QRpNtFbdsBHkRSFavvt.png",
				"name": "Pascal Pictures",
				"origin_country": "US"
			},
			{
				"id": 5,
				"logo_path": "/71BqEFAF4V3qjjMPCpLuyJFB9A.png",
				"name": "Columbia Pictures",
				"origin_country": "US"
			},
			{
				"id": 34,
				"logo_path": "/GagSvqWlyPdkFHMfQ3pNq6ix9P.png",
				"name": "Sony Pictures",
				"origin_country": "US"
			},
			{
				"id": 81620,
				"logo_path": "/gNp4dfuBOXmVWdGKb63NfbFNbFi.png",
				"name": "Tencent Pictures",
				"origin_country": "CN"
			}
		],
		"production_countries": [
			{
				"iso_3166_1": "CN",
				"name": "China"
			},
			{
				"iso_3166_1": "US",
				"name": "United States of America"
			}
		],
		"release_date": "2021-09-30",
		"revenue": 454000000,
		"runtime": 97,
		"spoken_languages": [
			{
				"english_name": "English",
				"iso_639_1": "en",
				"name": "English"
			}
		],
		"status": "Released",
		"tagline": "",
		"title": "Venom: Let There Be Carnage",
		"video": false,
		"vote_average": 7.2,
		"vote_count": 2956
	},
	"videos": {
		"id": 580489,
		"results": [
			{
				"iso_639_1": "en",
				"iso_3166_1": "US",
				"name": "VENOM: LET THERE BE CARNAGE - Burj Khalifa Takeover",
				"key": "XK-MIqHz5tU",
				"site": "YouTube",
				"size": 1080,
				"type": "Clip",
				"official": true,
				"published_at": "2021-10-30 16:00:14 UTC",
				"id": "61800b461c6aa70043725b74"
			},
			{
				"iso_639_1": "en",
				"iso_3166_1": "US",
				"name": "Wishes",
				"key": "A47y6VJNols",
				"site": "YouTube",
				"size": 1080,
				"type": "Clip",
				"official": true,
				"published_at": "2021-10-20 20:11:09 UTC",
				"id": "6172dadd6d4c9700653c2459"
			},
			{
				"iso_639_1": "en",
				"iso_3166_1": "US",
				"name": "Cletus and Carnage",
				"key": "vDTkS8pYhVk",
				"site": "YouTube",
				"size": 1080,
				"type": "Featurette",
				"official": true,
				"published_at": "2021-10-14 21:24:15 UTC",
				"id": "6172dbb95294e7002a37601e"
			},
			{
				"iso_639_1": "en",
				"iso_3166_1": "US",
				"name": "Locked Up",
				"key": "Rh-KrcsM1kA",
				"site": "YouTube",
				"size": 1080,
				"type": "Clip",
				"official": true,
				"published_at": "2021-10-09 16:00:31 UTC",
				"id": "6172dc0e176a940042b8ca32"
			},
			{
				"iso_639_1": "en",
				"iso_3166_1": "US",
				"name": "Wild Entertainment",
				"key": "jU8VNQKKF-g",
				"site": "YouTube",
				"size": 1080,
				"type": "Teaser",
				"official": true,
				"published_at": "2021-10-04 23:49:42 UTC",
				"id": "615f03ca8e2ba600434da5f7"
			},
			{
				"iso_639_1": "en",
				"iso_3166_1": "US",
				"name": "Break It",
				"key": "Cci_ue7Gqwc",
				"site": "YouTube",
				"size": 1080,
				"type": "Clip",
				"official": true,
				"published_at": "2021-10-02 16:00:05 UTC",
				"id": "6172dc6f176a940023b2a9bd"
			},
			{
				"iso_639_1": "en",
				"iso_3166_1": "US",
				"name": "Secrets of Cletus Kasady 360 Experience",
				"key": "NMzJbD53ODc",
				"site": "YouTube",
				"size": 1080,
				"type": "Trailer",
				"official": true,
				"published_at": "2021-09-30 20:00:03 UTC",
				"id": "6172dd0e90fca360b136db53"
			},
			{
				"iso_639_1": "en",
				"iso_3166_1": "US",
				"name": "Last One Standing",
				"key": "gU4vcJIbeOU",
				"site": "YouTube",
				"size": 1080,
				"type": "Teaser",
				"official": true,
				"published_at": "2021-09-29 20:32:18 UTC",
				"id": "6155f382d2147c0044df142d"
			},
			{
				"iso_639_1": "en",
				"iso_3166_1": "US",
				"name": "The Birth of Carnage",
				"key": "q8O-0zZn6_w",
				"site": "YouTube",
				"size": 1080,
				"type": "Clip",
				"official": false,
				"published_at": "2021-09-29 13:00:22 UTC",
				"id": "6155f43baf58cb002afcfb47"
			},
			{
				"iso_639_1": "en",
				"iso_3166_1": "US",
				"name": "Shriek",
				"key": "zulYWSjrqb0",
				"site": "YouTube",
				"size": 1080,
				"type": "Featurette",
				"official": true,
				"published_at": "2021-09-27 23:00:33 UTC",
				"id": "6155f729dcb6a3002a92bb30"
			},
			{
				"iso_639_1": "en",
				"iso_3166_1": "US",
				"name": "Eddie and Venom",
				"key": "U9Lx4raR_Ls",
				"site": "YouTube",
				"size": 1080,
				"type": "Featurette",
				"official": true,
				"published_at": "2021-09-27 17:00:17 UTC",
				"id": "6152885ed1ca2a009069f7c7"
			},
			{
				"iso_639_1": "en",
				"iso_3166_1": "US",
				"name": "Prison Break",
				"key": "WOhht3fvPYI",
				"site": "YouTube",
				"size": 1080,
				"type": "Clip",
				"official": true,
				"published_at": "2021-09-27 13:30:10 UTC",
				"id": "6151f85667203d0043f58c50"
			},
			{
				"iso_639_1": "en",
				"iso_3166_1": "US",
				"name": "VENOM: LET THERE BE CARNAGE - Fans First Screening",
				"key": "SpSxcgtG1xU",
				"site": "YouTube",
				"size": 1080,
				"type": "Clip",
				"official": true,
				"published_at": "2021-09-22 17:00:31 UTC",
				"id": "61800a80d236e600434293ee"
			},
			{
				"iso_639_1": "en",
				"iso_3166_1": "US",
				"name": "VENOM: LET THERE BE CARNAGE - Roommates ft. George Kittle (ESPN)",
				"key": "Jkt44NSiMk0",
				"site": "YouTube",
				"size": 1080,
				"type": "Featurette",
				"official": true,
				"published_at": "2021-09-20 23:00:05 UTC",
				"id": "61800a4c84f2490063b1b077"
			},
			{
				"iso_639_1": "en",
				"iso_3166_1": "US",
				"name": "Official Trailer 2",
				"key": "-FmWuCgJmxo",
				"site": "YouTube",
				"size": 1080,
				"type": "Trailer",
				"official": true,
				"published_at": "2021-08-02 13:00:00 UTC",
				"id": "6107ec7d7719d7002c9e4076"
			},
			{
				"iso_639_1": "en",
				"iso_3166_1": "US",
				"name": "Official Trailer",
				"key": "-ezfi6FQ8Ds",
				"site": "YouTube",
				"size": 1080,
				"type": "Trailer",
				"official": true,
				"published_at": "2021-05-10 13:00:00 UTC",
				"id": "60992f8b97eab4003bd15b68"
			},
			{
				"iso_639_1": "en",
				"iso_3166_1": "US",
				"name": "Official Teaser Trailer",
				"key": "_s4qXyZOJSQ",
				"site": "YouTube",
				"size": 1080,
				"type": "Teaser",
				"official": true,
				"published_at": "2020-04-21 23:45:04 UTC",
				"id": "5ee11ba6dbf144001d906e58"
			}
		]
	},
	"images": {
		"backdrops": [
			{
				"aspect_ratio": 1.778,
				"height": 1080,
				"iso_639_1": "en",
				"file_path": "/z3TFGLBUBF8pLkSO6ohkhMe4tMt.jpg",
				"vote_average": 5.312,
				"vote_count": 1,
				"width": 1920
			},
			{
				"aspect_ratio": 1.778,
				"height": 2160,
				"iso_639_1": "en",
				"file_path": "/w70dxFcVhZmxPJoOwBNwtupDUUl.jpg",
				"vote_average": 5.138,
				"vote_count": 8,
				"width": 3840
			},
			{
				"aspect_ratio": 1.777,
				"height": 788,
				"iso_639_1": "en",
				"file_path": "/aL1fZFP5vsh3bIZEOBh6UxxtHK3.jpg",
				"vote_average": 5.09,
				"vote_count": 11,
				"width": 1400
			},
			{
				"aspect_ratio": 1.778,
				"height": 2160,
				"iso_639_1": "en",
				"file_path": "/8u1mMvyWej8wLQgMPtLsW5ivlWD.jpg",
				"vote_average": 0,
				"vote_count": 0,
				"width": 3840
			},
			{
				"aspect_ratio": 1.778,
				"height": 2160,
				"iso_639_1": "en",
				"file_path": "/obOffIXdfe4dPuHoevyZdatDMl4.jpg",
				"vote_average": 0,
				"vote_count": 0,
				"width": 3840
			}
		],
		"id": 580489,
		"logos": [
			{
				"aspect_ratio": 2.021,
				"height": 1271,
				"iso_639_1": "en",
				"file_path": "/e7irKWxFUKOF1b5EixgJsB4UXmu.png",
				"vote_average": 5.312,
				"vote_count": 1,
				"width": 2569
			},
			{
				"aspect_ratio": 2.015,
				"height": 793,
				"iso_639_1": "en",
				"file_path": "/4Rrv4256HSA2IqqdnHXqkboMQa5.png",
				"vote_average": 0,
				"vote_count": 0,
				"width": 1598
			}
		],
		"posters": [
			{
				"aspect_ratio": 0.667,
				"height": 3000,
				"iso_639_1": "en",
				"file_path": "/rjkmN1dniUHVYAtwuV3Tji7FsDO.jpg",
				"vote_average": 5.112,
				"vote_count": 28,
				"width": 2000
			},
			{
				"aspect_ratio": 0.667,
				"height": 3000,
				"iso_639_1": "en",
				"file_path": "/1MJNcPZy46hIy2CmSqOeru0yr5C.jpg",
				"vote_average": 6.076,
				"vote_count": 25,
				"width": 2000
			},
			{
				"aspect_ratio": 0.667,
				"height": 1875,
				"iso_639_1": "en",
				"file_path": "/dZa00JxrwBL2oePDqcwwlJfM8qJ.jpg",
				"vote_average": 5.458,
				"vote_count": 17,
				"width": 1250
			},
			{
				"aspect_ratio": 0.667,
				"height": 3000,
				"iso_639_1": "en",
				"file_path": "/kNDNME8s6tAMHvjCefGIrwKk4iI.jpg",
				"vote_average": 5.454,
				"vote_count": 3,
				"width": 2000
			},
			{
				"aspect_ratio": 0.667,
				"height": 3000,
				"iso_639_1": "en",
				"file_path": "/z70KrZvEvRBA9M8rRme6X2RQASP.jpg",
				"vote_average": 5.348,
				"vote_count": 19,
				"width": 2000
			},
			{
				"aspect_ratio": 0.667,
				"height": 1500,
				"iso_639_1": "en",
				"file_path": "/hSJbUSjiqFH128cfcHhFJc3kLPf.jpg",
				"vote_average": 5.246,
				"vote_count": 2,
				"width": 1000
			},
			{
				"aspect_ratio": 0.667,
				"height": 1500,
				"iso_639_1": "en",
				"file_path": "/xy8juMZBxHNOgKBZiGOAWcc1Ds.jpg",
				"vote_average": 5.246,
				"vote_count": 2,
				"width": 1000
			},
			{
				"aspect_ratio": 0.677,
				"height": 1826,
				"iso_639_1": "en",
				"file_path": "/jNd6tx7FL2h7wtZgLUsLvzD0kFN.jpg",
				"vote_average": 5.232,
				"vote_count": 17,
				"width": 1237
			},
			{
				"aspect_ratio": 0.667,
				"height": 1429,
				"iso_639_1": "en",
				"file_path": "/52k6hN8sxKSUia1vacbs2BecVEs.jpg",
				"vote_average": 5.172,
				"vote_count": 1,
				"width": 953
			},
			{
				"aspect_ratio": 0.667,
				"height": 1845,
				"iso_639_1": "en",
				"file_path": "/78wC6ZWhTlqaCNL0rS7jl7dAV85.jpg",
				"vote_average": 5.146,
				"vote_count": 10,
				"width": 1230
			},
			{
				"aspect_ratio": 0.667,
				"height": 1350,
				"iso_639_1": "en",
				"file_path": "/4KDsSHkpVeEAzL0FaHHV3wFRohU.jpg",
				"vote_average": 5.138,
				"vote_count": 8,
				"width": 900
			},
			{
				"aspect_ratio": 0.667,
				"height": 3000,
				"iso_639_1": "en",
				"file_path": "/AoC5EoHeAn9NEisbFVzC19tN9pq.jpg",
				"vote_average": 5.128,
				"vote_count": 6,
				"width": 2000
			},
			{
				"aspect_ratio": 0.667,
				"height": 1500,
				"iso_639_1": "en",
				"file_path": "/h9fHHOEZTXbT7qbUmPai1LTUXj3.jpg",
				"vote_average": 5.118,
				"vote_count": 4,
				"width": 1000
			},
			{
				"aspect_ratio": 0.667,
				"height": 1350,
				"iso_639_1": "en",
				"file_path": "/p1pWhv7vY8zmsKqMrTD86VBE28K.jpg",
				"vote_average": 5.118,
				"vote_count": 4,
				"width": 900
			},
			{
				"aspect_ratio": 0.675,
				"height": 2048,
				"iso_639_1": "en",
				"file_path": "/aq6LgeE7aCgdzw3hJsTLrKGIZj2.jpg",
				"vote_average": 5.118,
				"vote_count": 4,
				"width": 1382
			},
			{
				"aspect_ratio": 0.75,
				"height": 1200,
				"iso_639_1": "en",
				"file_path": "/uCNPk2RuSlsOZoDlDVLcRUFwwVn.jpg",
				"vote_average": 5.118,
				"vote_count": 4,
				"width": 900
			},
			{
				"aspect_ratio": 0.667,
				"height": 3000,
				"iso_639_1": "en",
				"file_path": "/oUTfuBpESF48YvqT0sS8s3eIC3d.jpg",
				"vote_average": 5.056,
				"vote_count": 5,
				"width": 2000
			},
			{
				"aspect_ratio": 0.675,
				"height": 2000,
				"iso_639_1": "en",
				"file_path": "/huG3721zD6YBRLYyrQ3lVeXTcPx.jpg",
				"vote_average": 5.044,
				"vote_count": 3,
				"width": 1350
			},
			{
				"aspect_ratio": 0.667,
				"height": 2100,
				"iso_639_1": "en",
				"file_path": "/tUR7ixtUvoNCPF4x5gtFxt1x0bv.jpg",
				"vote_average": 4.996,
				"vote_count": 6,
				"width": 1400
			},
			{
				"aspect_ratio": 0.667,
				"height": 1500,
				"iso_639_1": "en",
				"file_path": "/wi0w3uNtvHdMqPtOA6meuqn8y6r.jpg",
				"vote_average": 4.982,
				"vote_count": 4,
				"width": 1000
			},
			{
				"aspect_ratio": 0.705,
				"height": 2000,
				"iso_639_1": "en",
				"file_path": "/AcDEmYmslx14B8dui3TB8h69UTi.jpg",
				"vote_average": 0,
				"vote_count": 0,
				"width": 1409
			},
			{
				"aspect_ratio": 0.667,
				"height": 906,
				"iso_639_1": "en",
				"file_path": "/stbQGBlOiSwE0iHUvlJAt1S7jT9.jpg",
				"vote_average": 0,
				"vote_count": 0,
				"width": 604
			},
			{
				"aspect_ratio": 0.667,
				"height": 750,
				"iso_639_1": "en",
				"file_path": "/wJFLvTUF7hafSjlIrom27kwq6gf.jpg",
				"vote_average": 0,
				"vote_count": 0,
				"width": 500
			},
			{
				"aspect_ratio": 0.667,
				"height": 750,
				"iso_639_1": "en",
				"file_path": "/1QrwwEJotYlpdVzHPQOelwIFwiv.jpg",
				"vote_average": 0,
				"vote_count": 0,
				"width": 500
			},
			{
				"aspect_ratio": 0.675,
				"height": 2880,
				"iso_639_1": "en",
				"file_path": "/rvUKZK2v3ITjjfBg2FJqbkuGDly.jpg",
				"vote_average": 0,
				"vote_count": 0,
				"width": 1944
			},
			{
				"aspect_ratio": 0.667,
				"height": 3000,
				"iso_639_1": "en",
				"file_path": "/eip8tvDJo84BDKal54nbJAns2Ep.jpg",
				"vote_average": 0,
				"vote_count": 0,
				"width": 2000
			},
			{
				"aspect_ratio": 0.667,
				"height": 3000,
				"iso_639_1": "en",
				"file_path": "/hZQD6yt154AKoSpky07yTaQyzv5.jpg",
				"vote_average": 0,
				"vote_count": 0,
				"width": 2000
			},
			{
				"aspect_ratio": 0.667,
				"height": 900,
				"iso_639_1": "en",
				"file_path": "/5mkTqrc2AU6XFStz9XOBDPBBJMb.jpg",
				"vote_average": 0,
				"vote_count": 0,
				"width": 600
			},
			{
				"aspect_ratio": 0.667,
				"height": 1080,
				"iso_639_1": "en",
				"file_path": "/5zGuJoKjJ4Ii2IY2KxG61ND6O4Q.jpg",
				"vote_average": 0,
				"vote_count": 0,
				"width": 720
			},
			{
				"aspect_ratio": 0.679,
				"height": 1236,
				"iso_639_1": "en",
				"file_path": "/9f9NbbKqZ7YYMYPV3yf4xBuoDdS.jpg",
				"vote_average": 0,
				"vote_count": 0,
				"width": 839
			},
			{
				"aspect_ratio": 0.679,
				"height": 1236,
				"iso_639_1": "en",
				"file_path": "/zbYEJCVRAi6lJeNIhwobCRdzJJY.jpg",
				"vote_average": 0,
				"vote_count": 0,
				"width": 839
			},
			{
				"aspect_ratio": 0.679,
				"height": 1236,
				"iso_639_1": "en",
				"file_path": "/mtTQQa6dCkbYyyvroShG7KasYqm.jpg",
				"vote_average": 0,
				"vote_count": 0,
				"width": 839
			},
			{
				"aspect_ratio": 0.679,
				"height": 1236,
				"iso_639_1": "en",
				"file_path": "/kTeac9udUgGq3QOmyVANPWY53CP.jpg",
				"vote_average": 0,
				"vote_count": 0,
				"width": 839
			},
			{
				"aspect_ratio": 0.667,
				"height": 1500,
				"iso_639_1": "en",
				"file_path": "/lknkmldPba2YX25O2QRyeCBZ4Gj.jpg",
				"vote_average": 0,
				"vote_count": 0,
				"width": 1000
			}
		]
	},
	"credits": {
		"id": 580489,
		"cast": [
			{
				"adult": false,
				"gender": 2,
				"id": 2524,
				"known_for_department": "Acting",
				"name": "Tom Hardy",
				"original_name": "Tom Hardy",
				"popularity": 65.322,
				"profile_path": "/9bXUMLOBCcnhcUGtfw0pdqbvpiH.jpg",
				"cast_id": 1,
				"character": "Eddie Brock / Venom",
				"credit_id": "5c5b3ebfc3a3683cc6885550",
				"order": 0
			},
			{
				"adult": false,
				"gender": 2,
				"id": 57755,
				"known_for_department": "Acting",
				"name": "Woody Harrelson",
				"original_name": "Woody Harrelson",
				"popularity": 27.96,
				"profile_path": "/igxYDQBbTEdAqaJxaW6ffqswmUU.jpg",
				"cast_id": 7,
				"character": "Cletus Kasady / Carnage",
				"credit_id": "5c86bc069251410d3616ff8e",
				"order": 1
			},
			{
				"adult": false,
				"gender": 1,
				"id": 1812,
				"known_for_department": "Acting",
				"name": "Michelle Williams",
				"original_name": "Michelle Williams",
				"popularity": 20.056,
				"profile_path": "/sXTP6wlqIDz1tDGLU3DFbklSTpq.jpg",
				"cast_id": 9,
				"character": "Anne Weying",
				"credit_id": "5d4b75510021340013269639",
				"order": 2
			},
			{
				"adult": false,
				"gender": 1,
				"id": 2038,
				"known_for_department": "Acting",
				"name": "Naomie Harris",
				"original_name": "Naomie Harris",
				"popularity": 21.718,
				"profile_path": "/pDFs4gSeKSyIF8PditvtHqAq687.jpg",
				"cast_id": 14,
				"character": "Frances Louise Barrison / Shriek",
				"credit_id": "5daa557cb2681f0014915771",
				"order": 3
			},
			{
				"adult": false,
				"gender": 2,
				"id": 81316,
				"known_for_department": "Acting",
				"name": "Reid Scott",
				"original_name": "Reid Scott",
				"popularity": 4.249,
				"profile_path": "/kBAeDUDA7XJRXFLGNALlpE5d3lA.jpg",
				"cast_id": 13,
				"character": "Dr. Dan Lewis",
				"credit_id": "5d8d512979b3d4001f894708",
				"order": 4
			},
			{
				"adult": false,
				"gender": 2,
				"id": 1115,
				"known_for_department": "Acting",
				"name": "Stephen Graham",
				"original_name": "Stephen Graham",
				"popularity": 13.087,
				"profile_path": "/rkavERf9KK4Yvs8V4HWrTaUwoHX.jpg",
				"cast_id": 15,
				"character": "Detective Mulligan",
				"credit_id": "5de9c207a313b8001294cbbd",
				"order": 5
			},
			{
				"adult": false,
				"gender": 1,
				"id": 2141479,
				"known_for_department": "Acting",
				"name": "Peggy Lu",
				"original_name": "Peggy Lu",
				"popularity": 4.639,
				"profile_path": "/ng5eaDcOf9kSwIYGNmwF9wEfIHp.jpg",
				"cast_id": 35,
				"character": "Mrs. Chen",
				"credit_id": "60b3aae457d378006f7291d8",
				"order": 6
			},
			{
				"adult": false,
				"gender": 1,
				"id": 1225043,
				"known_for_department": "Acting",
				"name": "Sian Webber",
				"original_name": "Sian Webber",
				"popularity": 3.066,
				"profile_path": null,
				"cast_id": 102,
				"character": "Dr. Pazzo",
				"credit_id": "6157d6b469eb900061d1811d",
				"order": 7
			},
			{
				"adult": false,
				"gender": 0,
				"id": 1966036,
				"known_for_department": "Acting",
				"name": "Michelle Greenidge",
				"original_name": "Michelle Greenidge",
				"popularity": 2.468,
				"profile_path": "/oi11TASk3g6Y0QFgb1aapADBMAR.jpg",
				"cast_id": 42,
				"character": "Mugging Victim",
				"credit_id": "60e4c30984591c0074b65ac8",
				"order": 8
			},
			{
				"adult": false,
				"gender": 0,
				"id": 3255760,
				"known_for_department": "Acting",
				"name": "Rob Bowen",
				"original_name": "Rob Bowen",
				"popularity": 0.6,
				"profile_path": null,
				"cast_id": 103,
				"character": "Beaten Mugger",
				"credit_id": "6157d6f393828e005fce91e0",
				"order": 9
			},
			{
				"adult": false,
				"gender": 2,
				"id": 1052257,
				"known_for_department": "Acting",
				"name": "Laurence Spellman",
				"original_name": "Laurence Spellman",
				"popularity": 1.152,
				"profile_path": "/47xoUxleCv94VQnkzkAoa1xRS5Z.jpg",
				"cast_id": 39,
				"character": "Patient",
				"credit_id": "60e4c26c258823005d816ae0",
				"order": 10
			},
			{
				"adult": false,
				"gender": 1,
				"id": 2464328,
				"known_for_department": "Acting",
				"name": "Little Simz",
				"original_name": "Little Simz",
				"popularity": 0.794,
				"profile_path": "/5L3gQS6xKROcNnf5WEabDmzLIFn.jpg",
				"cast_id": 104,
				"character": "Little Simz",
				"credit_id": "6157d788eb14fa008c0e7d64",
				"order": 11
			},
			{
				"adult": false,
				"gender": 2,
				"id": 2448692,
				"known_for_department": "Acting",
				"name": "Jack Bandeira",
				"original_name": "Jack Bandeira",
				"popularity": 2.052,
				"profile_path": "/510gfaNl3XiWsA6ZS8oplLmsDJp.jpg",
				"cast_id": 105,
				"character": "Young Cletus",
				"credit_id": "6157d7a76f8d950020bf137e",
				"order": 12
			},
			{
				"adult": false,
				"gender": 1,
				"id": 3225965,
				"known_for_department": "Acting",
				"name": "Olumide Olorunfemi",
				"original_name": "Olumide Olorunfemi",
				"popularity": 0.6,
				"profile_path": null,
				"cast_id": 100,
				"character": "Young Shirek",
				"credit_id": "61576d22dcb6a3002a95ae56",
				"order": 13
			},
			{
				"adult": false,
				"gender": 2,
				"id": 1656966,
				"known_for_department": "Acting",
				"name": "Scroobius Pip",
				"original_name": "Scroobius Pip",
				"popularity": 0.764,
				"profile_path": "/6wEJf3gs8JS6ATAVAZaH5YvGqpj.jpg",
				"cast_id": 106,
				"character": "Siegfried",
				"credit_id": "6157d7c36f8d950020bf139b",
				"order": 14
			},
			{
				"adult": false,
				"gender": 2,
				"id": 1683344,
				"known_for_department": "Acting",
				"name": "Amrou Al-Kadhi",
				"original_name": "Amrou Al-Kadhi",
				"popularity": 0.6,
				"profile_path": "/wGr7Emb8ppfUThAc7rywI6wgfBJ.jpg",
				"cast_id": 107,
				"character": "Host Two",
				"credit_id": "6157d7edeb14fa00627e9d77",
				"order": 15
			},
			{
				"adult": false,
				"gender": 0,
				"id": 3255761,
				"known_for_department": "Acting",
				"name": "Beau Sargent",
				"original_name": "Beau Sargent",
				"popularity": 0.6,
				"profile_path": null,
				"cast_id": 108,
				"character": "Host Three",
				"credit_id": "6157d806156cc700456895d7",
				"order": 16
			},
			{
				"adult": false,
				"gender": 0,
				"id": 1073870,
				"known_for_department": "Acting",
				"name": "Brian Copeland",
				"original_name": "Brian Copeland",
				"popularity": 0.6,
				"profile_path": "/xD0G1ccbLRTHLlROotAL9Avc6kv.jpg",
				"cast_id": 109,
				"character": "Rodeo Beach Reporter",
				"credit_id": "6157d816d2147c002674ed22",
				"order": 17
			},
			{
				"adult": false,
				"gender": 0,
				"id": 165359,
				"known_for_department": "Acting",
				"name": "Stewart Alexander",
				"original_name": "Stewart Alexander",
				"popularity": 0.745,
				"profile_path": "/najx2f4DAKt7DtQkPEyNXJURyNe.jpg",
				"cast_id": 110,
				"character": "Warden",
				"credit_id": "6157d82681c7be0025dc6409",
				"order": 18
			},
			{
				"adult": false,
				"gender": 2,
				"id": 2021417,
				"known_for_department": "Acting",
				"name": "Sean Delaney",
				"original_name": "Sean Delaney",
				"popularity": 0.673,
				"profile_path": "/o5CKqXDL8D97kY7YWk8qHX7NZz7.jpg",
				"cast_id": 36,
				"character": "Young Detective Mulligan",
				"credit_id": "60b3aaebb7b69d0029114b0f",
				"order": 19
			},
			{
				"adult": false,
				"gender": 0,
				"id": 1364950,
				"known_for_department": "Acting",
				"name": "Ed Kear",
				"original_name": "Ed Kear",
				"popularity": 1.559,
				"profile_path": "/jB1QY1DSN253bbtz51MHXEBj9O8.jpg",
				"cast_id": 40,
				"character": "Reveler",
				"credit_id": "60e4c27f07faa200301809c2",
				"order": 20
			},
			{
				"adult": false,
				"gender": 0,
				"id": 2604970,
				"known_for_department": "Acting",
				"name": "Emma Lau",
				"original_name": "Emma Lau",
				"popularity": 0.6,
				"profile_path": null,
				"cast_id": 111,
				"character": "Reveler",
				"credit_id": "6157d841156cc7009403581e",
				"order": 21
			},
			{
				"adult": false,
				"gender": 0,
				"id": 2866907,
				"known_for_department": "Acting",
				"name": "Louis j Rhone",
				"original_name": "Louis j Rhone",
				"popularity": 0.6,
				"profile_path": null,
				"cast_id": 112,
				"character": "Reveler",
				"credit_id": "6157d86267dcc9002a6ee49b",
				"order": 22
			},
			{
				"adult": false,
				"gender": 2,
				"id": 142519,
				"known_for_department": "Acting",
				"name": "Christopher Godwin",
				"original_name": "Christopher Godwin",
				"popularity": 0.6,
				"profile_path": "/yrhPkJY9oafkA5GipMZajVP17wH.jpg",
				"cast_id": 113,
				"character": "Headmaster (1997)",
				"credit_id": "6157d87e07e281008db0d2b3",
				"order": 23
			},
			{
				"adult": false,
				"gender": 0,
				"id": 3255762,
				"known_for_department": "Acting",
				"name": "Tiffanie Thomas",
				"original_name": "Tiffanie Thomas",
				"popularity": 0.6,
				"profile_path": null,
				"cast_id": 114,
				"character": "San Quentin Tier Guard",
				"credit_id": "6157d8a54d6791002ce2e1f4",
				"order": 24
			},
			{
				"adult": false,
				"gender": 2,
				"id": 13031,
				"known_for_department": "Crew",
				"name": "Rocky Capella",
				"original_name": "Rocky Capella",
				"popularity": 0.6,
				"profile_path": "/b9kWmKUZjemfeRUZd5U4VcPhxOZ.jpg",
				"cast_id": 115,
				"character": "Valet Car Park",
				"credit_id": "6157d8bf41a561002ae95a0b",
				"order": 25
			},
			{
				"adult": false,
				"gender": 0,
				"id": 1477844,
				"known_for_department": "Acting",
				"name": "Sam Robinson",
				"original_name": "Sam Robinson",
				"popularity": 0.6,
				"profile_path": null,
				"cast_id": 116,
				"character": "San Quentin Guard",
				"credit_id": "6157d8f067dcc90062e4ee4d",
				"order": 26
			},
			{
				"adult": false,
				"gender": 2,
				"id": 1503079,
				"known_for_department": "Acting",
				"name": "Greg Lockett",
				"original_name": "Greg Lockett",
				"popularity": 0.828,
				"profile_path": "/p2OeDF1ssTV4plTILk5O5pbevMJ.jpg",
				"cast_id": 117,
				"character": "San Francisco Police Department Officer",
				"credit_id": "6157d90681c7be008e0fdac6",
				"order": 27
			},
			{
				"adult": false,
				"gender": 0,
				"id": 1332976,
				"known_for_department": "Acting",
				"name": "Sonny Ashbourne Serkis",
				"original_name": "Sonny Ashbourne Serkis",
				"popularity": 1.4,
				"profile_path": "/2JbGNmVfjDtYi1Rqgy4WgT1UX34.jpg",
				"cast_id": 118,
				"character": "Plunger Man",
				"credit_id": "6157d915f10a1a0044f6d831",
				"order": 28
			},
			{
				"adult": false,
				"gender": 2,
				"id": 1736538,
				"known_for_department": "Acting",
				"name": "Otis Winston",
				"original_name": "Otis Winston",
				"popularity": 0.6,
				"profile_path": "/sLiGyvLoPmdfaBLM2jyyt8YYcik.jpg",
				"cast_id": 44,
				"character": "Street Man",
				"credit_id": "60e4c3a927ff99002ad2aa9f",
				"order": 29
			},
			{
				"adult": false,
				"gender": 0,
				"id": 1558337,
				"known_for_department": "Acting",
				"name": "Vaughn Johseph",
				"original_name": "Vaughn Johseph",
				"popularity": 0.6,
				"profile_path": null,
				"cast_id": 119,
				"character": "Tie Down Guard",
				"credit_id": "6157d9328e2ba600618f400c",
				"order": 30
			},
			{
				"adult": false,
				"gender": 0,
				"id": 3255765,
				"known_for_department": "Acting",
				"name": "Kristen Simoes",
				"original_name": "Kristen Simoes",
				"popularity": 0.6,
				"profile_path": null,
				"cast_id": 120,
				"character": "TV Reporter - San Quentin",
				"credit_id": "6157d98ac8a2d400622b3140",
				"order": 31
			},
			{
				"adult": false,
				"gender": 2,
				"id": 3255770,
				"known_for_department": "Acting",
				"name": "Miguel Angel Arreguin",
				"original_name": "Miguel Angel Arreguin",
				"popularity": 0.6,
				"profile_path": null,
				"cast_id": 121,
				"character": "Gas Station Attendant",
				"credit_id": "6157dacfdd731b0029bca32b",
				"order": 32
			},
			{
				"adult": false,
				"gender": 0,
				"id": 3255772,
				"known_for_department": "Acting",
				"name": "Shaliz Afshar",
				"original_name": "Shaliz Afshar",
				"popularity": 0.6,
				"profile_path": null,
				"cast_id": 122,
				"character": "San Francisco Reporter",
				"credit_id": "6157daee156cc70094036089",
				"order": 33
			},
			{
				"adult": false,
				"gender": 2,
				"id": 34551,
				"known_for_department": "Acting",
				"name": "Reece Shearsmith",
				"original_name": "Reece Shearsmith",
				"popularity": 3.963,
				"profile_path": "/fEpejkayrwRoFYcRd1xamhivxnq.jpg",
				"cast_id": 123,
				"character": "Priest",
				"credit_id": "6157db0407e281006329f1d6",
				"order": 34
			},
			{
				"adult": false,
				"gender": 2,
				"id": 1743499,
				"known_for_department": "Acting",
				"name": "Simon Connolly",
				"original_name": "Simon Connolly",
				"popularity": 0.6,
				"profile_path": "/izjjkm0MdaObxkP8t7Cb3gqUZX7.jpg",
				"cast_id": 124,
				"character": "Grieving Father",
				"credit_id": "6157db1a81c7be0064a1e106",
				"order": 35
			},
			{
				"adult": false,
				"gender": 1,
				"id": 1504937,
				"known_for_department": "Acting",
				"name": "Rachel Handshaw",
				"original_name": "Rachel Handshaw",
				"popularity": 1.4,
				"profile_path": "/8QWc14rdCg60eLKIbnuZchNuU7B.jpg",
				"cast_id": 125,
				"character": "Grieving Mother",
				"credit_id": "6157db2969eb900061d18d99",
				"order": 36
			},
			{
				"adult": false,
				"gender": 1,
				"id": 1467124,
				"known_for_department": "Acting",
				"name": "Amanda Foster",
				"original_name": "Amanda Foster",
				"popularity": 0.7,
				"profile_path": "/g4znsY8XS17dnpH0PKV3Co8FbIR.jpg",
				"cast_id": 126,
				"character": "Victim's Sister",
				"credit_id": "6157db3ddd731b0042acf7f3",
				"order": 37
			},
			{
				"adult": false,
				"gender": 2,
				"id": 1322309,
				"known_for_department": "Acting",
				"name": "Akie Kotabe",
				"original_name": "Akie Kotabe",
				"popularity": 1.268,
				"profile_path": "/89qQru3SueSpKPhAb1MgoIZEnen.jpg",
				"cast_id": 127,
				"character": "Victim's Brother",
				"credit_id": "6157db508e2ba6008bdfffb2",
				"order": 38
			},
			{
				"adult": false,
				"gender": 0,
				"id": 1985977,
				"known_for_department": "Acting",
				"name": "Eric Sigmundsson",
				"original_name": "Eric Sigmundsson",
				"popularity": 0.828,
				"profile_path": "/25d39zqpgnuCOi7FXnVZfgA2vk7.jpg",
				"cast_id": 128,
				"character": "Startled Witness",
				"credit_id": "6157db688e2ba6008bdffffb",
				"order": 39
			},
			{
				"adult": false,
				"gender": 1,
				"id": 2509946,
				"known_for_department": "Acting",
				"name": "Chabris Napier-Lawrence",
				"original_name": "Chabris Napier-Lawrence",
				"popularity": 0.6,
				"profile_path": "/u3Kwn6hjMjg33XS51WBDF611KCE.jpg",
				"cast_id": 129,
				"character": "Ravenscroft Guard",
				"credit_id": "6157db86f10a1a002ba3cca2",
				"order": 40
			},
			{
				"adult": false,
				"gender": 2,
				"id": 2509927,
				"known_for_department": "Acting",
				"name": "Larry Olubamiwo",
				"original_name": "Larry Olubamiwo",
				"popularity": 0.6,
				"profile_path": "/3LTOTc2E8kRumk9C04hMSwGG8JA.jpg",
				"cast_id": 37,
				"character": "Ravenscroft Guard",
				"credit_id": "60b3aaf3a61de10057a02fdf",
				"order": 41
			},
			{
				"adult": false,
				"gender": 2,
				"id": 2486147,
				"known_for_department": "Acting",
				"name": "Jose Palma",
				"original_name": "Jose Palma",
				"popularity": 0.6,
				"profile_path": "/27aw7tXkfZZW2Zdqrf3OSVzOus0.jpg",
				"cast_id": 130,
				"character": "San Quentin Last Meal Guard",
				"credit_id": "6157dbcf81c7be0064a1e242",
				"order": 42
			},
			{
				"adult": false,
				"gender": 0,
				"id": 1457942,
				"known_for_department": "Crew",
				"name": "Ashlen Aquila",
				"original_name": "Ashlen Aquila",
				"popularity": 0.6,
				"profile_path": null,
				"cast_id": 131,
				"character": "San Quentin Last Meal Guard",
				"credit_id": "6157dbefdd731b0042acf98f",
				"order": 43
			},
			{
				"adult": false,
				"gender": 2,
				"id": 3255774,
				"known_for_department": "Acting",
				"name": "Jamal Ajala",
				"original_name": "Jamal Ajala",
				"popularity": 0.6,
				"profile_path": null,
				"cast_id": 132,
				"character": "Ravenscroft Orderly",
				"credit_id": "6157dc0e1c635b00447c7084",
				"order": 44
			},
			{
				"adult": false,
				"gender": 2,
				"id": 1940433,
				"known_for_department": "Acting",
				"name": "James D. Weston II",
				"original_name": "James D. Weston II",
				"popularity": 0.612,
				"profile_path": "/5Syon9PTMAdxPMkFNcfgxe91pji.jpg",
				"cast_id": 133,
				"character": "San Quentin Commander",
				"credit_id": "6157dc3f67dcc9008cf1c81a",
				"order": 45
			},
			{
				"adult": false,
				"gender": 0,
				"id": 3255776,
				"known_for_department": "Acting",
				"name": "Che Amaro",
				"original_name": "Che Amaro",
				"popularity": 0.6,
				"profile_path": null,
				"cast_id": 134,
				"character": "San Quentin Guard",
				"credit_id": "6157dc54dd731b0029bca715",
				"order": 46
			},
			{
				"adult": false,
				"gender": 0,
				"id": 3255777,
				"known_for_department": "Acting",
				"name": "Joshua Eldridge-Smith",
				"original_name": "Joshua Eldridge-Smith",
				"popularity": 0.6,
				"profile_path": null,
				"cast_id": 135,
				"character": "Sympathetic Guard",
				"credit_id": "6157dc7907e281004467baf6",
				"order": 47
			},
			{
				"adult": false,
				"gender": 1,
				"id": 192821,
				"known_for_department": "Acting",
				"name": "Rosie Marcel",
				"original_name": "Rosie Marcel",
				"popularity": 1.556,
				"profile_path": null,
				"cast_id": 136,
				"character": "Detective in Bathroom",
				"credit_id": "6157dc8e1c635b0063034229",
				"order": 48
			},
			{
				"adult": false,
				"gender": 0,
				"id": 2412225,
				"known_for_department": "Acting",
				"name": "Elliot Cable",
				"original_name": "Elliot Cable",
				"popularity": 0.6,
				"profile_path": null,
				"cast_id": 137,
				"character": "Host Pre Carnival #1",
				"credit_id": "6157dca3dd731b006208deb4",
				"order": 49
			},
			{
				"adult": false,
				"gender": 0,
				"id": 2157784,
				"known_for_department": "Acting",
				"name": "Amber Sienna",
				"original_name": "Amber Sienna",
				"popularity": 7.062,
				"profile_path": "/wRCmhzlWZ019vjSmkISAJbVXxTi.jpg",
				"cast_id": 26,
				"character": "Party Guest (uncredited)",
				"credit_id": "6066e1902cefc2006f61d3d6",
				"order": 51
			},
			{
				"adult": false,
				"gender": 2,
				"id": 18999,
				"known_for_department": "Acting",
				"name": "J.K. Simmons",
				"original_name": "J.K. Simmons",
				"popularity": 6.715,
				"profile_path": "/7kIiPojgSVNRXb5z0hiijcD5LJ6.jpg",
				"cast_id": 146,
				"character": "J. Jonah Jameson (uncredited)",
				"credit_id": "615c6289363909002c86a46a",
				"order": 52
			},
			{
				"adult": false,
				"gender": 2,
				"id": 1136406,
				"known_for_department": "Acting",
				"name": "Tom Holland",
				"original_name": "Tom Holland",
				"popularity": 45.201,
				"profile_path": "/ip7aXVH8s6wXv8cY6KI14OZgCI8.jpg",
				"cast_id": 147,
				"character": "Peter Parker / Spider-Man (uncredited)",
				"credit_id": "615c631869eb90008a4142ce",
				"order": 53
			}
		],
		"crew": [
			{
				"adult": false,
				"gender": 2,
				"id": 149,
				"known_for_department": "Camera",
				"name": "Robert Richardson",
				"original_name": "Robert Richardson",
				"popularity": 2.744,
				"profile_path": "/lmJy31oZtN5l2VAGpkrt3xEXsxL.jpg",
				"credit_id": "5d59628f61bac40eca4a728e",
				"department": "Camera",
				"job": "Director of Photography"
			},
			{
				"adult": false,
				"gender": 2,
				"id": 1333,
				"known_for_department": "Acting",
				"name": "Andy Serkis",
				"original_name": "Andy Serkis",
				"popularity": 12.177,
				"profile_path": "/2aJLwOQK50Lx7PvIHGW1GMytTOL.jpg",
				"credit_id": "5e866a52a5743d00180fe64e",
				"department": "Directing",
				"job": "Director"
			},
			{
				"adult": false,
				"gender": 2,
				"id": 2524,
				"known_for_department": "Acting",
				"name": "Tom Hardy",
				"original_name": "Tom Hardy",
				"popularity": 65.322,
				"profile_path": "/9bXUMLOBCcnhcUGtfw0pdqbvpiH.jpg",
				"credit_id": "6099c48f3520e8003f011485",
				"department": "Production",
				"job": "Producer"
			},
			{
				"adult": false,
				"gender": 2,
				"id": 2524,
				"known_for_department": "Acting",
				"name": "Tom Hardy",
				"original_name": "Tom Hardy",
				"popularity": 65.322,
				"profile_path": "/9bXUMLOBCcnhcUGtfw0pdqbvpiH.jpg",
				"credit_id": "619fdfc04f9a99002458996d",
				"department": "Writing",
				"job": "Story"
			},
			{
				"adult": false,
				"gender": 2,
				"id": 7229,
				"known_for_department": "Sound",
				"name": "Marco Beltrami",
				"original_name": "Marco Beltrami",
				"popularity": 2.077,
				"profile_path": "/fb3TfFITlOC0BN3kNpUXj1FL0LN.jpg",
				"credit_id": "5fdaa611eda4b700403fbc88",
				"department": "Sound",
				"job": "Original Music Composer"
			},
			{
				"adult": false,
				"gender": 0,
				"id": 5545,
				"known_for_department": "Production",
				"name": "K.C. Hodenfield",
				"original_name": "K.C. Hodenfield",
				"popularity": 2.716,
				"profile_path": null,
				"credit_id": "6157e0e01c635b00447c7d13",
				"department": "Production",
				"job": "Co-Producer"
			},
			{
				"adult": false,
				"gender": 0,
				"id": 5545,
				"known_for_department": "Production",
				"name": "K.C. Hodenfield",
				"original_name": "K.C. Hodenfield",
				"popularity": 2.716,
				"profile_path": null,
				"credit_id": "6157e01b8e2ba600618f5190",
				"department": "Directing",
				"job": "First Assistant Director"
			},
			{
				"adult": false,
				"gender": 0,
				"id": 6923,
				"known_for_department": "Art",
				"name": "Troy Sizemore",
				"original_name": "Troy Sizemore",
				"popularity": 1.626,
				"profile_path": null,
				"credit_id": "60f4752ff90b190045620400",
				"department": "Art",
				"job": "Supervising Art Director"
			},
			{
				"adult": false,
				"gender": 2,
				"id": 7626,
				"known_for_department": "Production",
				"name": "Avi Arad",
				"original_name": "Avi Arad",
				"popularity": 4.657,
				"profile_path": "/zFNtix6jjAfjKeE687w1VgU4H1T.jpg",
				"credit_id": "5c5b3eeac3a3683cd188360c",
				"department": "Production",
				"job": "Producer"
			},
			{
				"adult": false,
				"gender": 2,
				"id": 8678,
				"known_for_department": "Art",
				"name": "Oliver Scholl",
				"original_name": "Oliver Scholl",
				"popularity": 4.213,
				"profile_path": "/CSv6Dh9koDtXLjHJNAo0kjtbg8.jpg",
				"credit_id": "5d5962c071083a79c0664969",
				"department": "Art",
				"job": "Production Design"
			},
			{
				"adult": false,
				"gender": 2,
				"id": 9157,
				"known_for_department": "Production",
				"name": "Jonathan Cavendish",
				"original_name": "Jonathan Cavendish",
				"popularity": 0.775,
				"profile_path": null,
				"credit_id": "6099c4a797eab4003bd235cb",
				"department": "Production",
				"job": "Executive Producer"
			},
			{
				"adult": false,
				"gender": 0,
				"id": 10122,
				"known_for_department": "Production",
				"name": "Barry H. Waldman",
				"original_name": "Barry H. Waldman",
				"popularity": 0.6,
				"profile_path": null,
				"credit_id": "6099c49baede59003e20a75f",
				"department": "Production",
				"job": "Executive Producer"
			},
			{
				"adult": false,
				"gender": 0,
				"id": 10122,
				"known_for_department": "Production",
				"name": "Barry H. Waldman",
				"original_name": "Barry H. Waldman",
				"popularity": 0.6,
				"profile_path": null,
				"credit_id": "6157dfed07e281002dab1fb3",
				"department": "Production",
				"job": "Unit Production Manager"
			},
			{
				"adult": false,
				"gender": 0,
				"id": 12654,
				"known_for_department": "Art",
				"name": "Malcolm Stone",
				"original_name": "Malcolm Stone",
				"popularity": 1.704,
				"profile_path": null,
				"credit_id": "60f4753a7b7b4d007352f039",
				"department": "Art",
				"job": "Art Direction"
			},
			{
				"adult": false,
				"gender": 2,
				"id": 15335,
				"known_for_department": "Crew",
				"name": "Brian Smrz",
				"original_name": "Brian Smrz",
				"popularity": 1.923,
				"profile_path": "/7jwBroWONETCSFA6NHHOzVohLTv.jpg",
				"credit_id": "6157dfd1f1759c00614c8891",
				"department": "Directing",
				"job": "Second Unit Director"
			},
			{
				"adult": false,
				"gender": 1,
				"id": 15349,
				"known_for_department": "Editing",
				"name": "Maryann Brandon",
				"original_name": "Maryann Brandon",
				"popularity": 1.686,
				"profile_path": "/iO29og3UgVa9Sn4jZG1KpcTBq0a.jpg",
				"credit_id": "61379d2207a808006145d28d",
				"department": "Editing",
				"job": "Editor"
			},
			{
				"adult": false,
				"gender": 2,
				"id": 42036,
				"known_for_department": "Sound",
				"name": "Kami Asgar",
				"original_name": "Kami Asgar",
				"popularity": 1.686,
				"profile_path": null,
				"credit_id": "6147a03c168935008f0c23b6",
				"department": "Sound",
				"job": "Supervising Sound Editor"
			},
			{
				"adult": false,
				"gender": 1,
				"id": 23424,
				"known_for_department": "Production",
				"name": "Lucy Bevan",
				"original_name": "Lucy Bevan",
				"popularity": 1.4,
				"profile_path": null,
				"credit_id": "6157d64d1c635b00447c623a",
				"department": "Production",
				"job": "Casting"
			},
			{
				"adult": false,
				"gender": 0,
				"id": 23427,
				"known_for_department": "Costume & Make-Up",
				"name": "Angela Levin",
				"original_name": "Angela Levin",
				"popularity": 0.6,
				"profile_path": null,
				"credit_id": "60f475e3f28838005edf1979",
				"department": "Costume & Make-Up",
				"job": "Makeup Artist"
			},
			{
				"adult": false,
				"gender": 2,
				"id": 60711,
				"known_for_department": "Production",
				"name": "Brent O'Connor",
				"original_name": "Brent O'Connor",
				"popularity": 0.94,
				"profile_path": null,
				"credit_id": "6157e000ec18790062c4ee33",
				"department": "Production",
				"job": "Unit Production Manager"
			},
			{
				"adult": false,
				"gender": 0,
				"id": 60223,
				"known_for_department": "Art",
				"name": "Michael E. Goldman",
				"original_name": "Michael E. Goldman",
				"popularity": 0.615,
				"profile_path": null,
				"credit_id": "60f4751a7b7b4d0020e9f183",
				"department": "Art",
				"job": "Art Direction"
			},
			{
				"adult": false,
				"gender": 2,
				"id": 64849,
				"known_for_department": "Acting",
				"name": "Todd McFarlane",
				"original_name": "Todd McFarlane",
				"popularity": 2.553,
				"profile_path": "/fG0NF6gKK0lBwJTtTPXzp4e4yp8.jpg",
				"credit_id": "5dea52fd27d9cc0013ea9b61",
				"department": "Writing",
				"job": "Characters"
			},
			{
				"adult": false,
				"gender": 2,
				"id": 91268,
				"known_for_department": "Directing",
				"name": "Ruben Fleischer",
				"original_name": "Ruben Fleischer",
				"popularity": 2.191,
				"profile_path": "/3JLxOPFTLigSy8FjFjDyMwD9GIp.jpg",
				"credit_id": "6099c4b187e63e003b6c0f95",
				"department": "Production",
				"job": "Executive Producer"
			},
			{
				"adult": false,
				"gender": 2,
				"id": 181856,
				"known_for_department": "Editing",
				"name": "Stan Salfas",
				"original_name": "Stan Salfas",
				"popularity": 1.4,
				"profile_path": null,
				"credit_id": "61379d3ad64ac20088dea009",
				"department": "Editing",
				"job": "Editor"
			},
			{
				"adult": false,
				"gender": 2,
				"id": 579405,
				"known_for_department": "Sound",
				"name": "Beau Borders",
				"original_name": "Beau Borders",
				"popularity": 0.98,
				"profile_path": null,
				"credit_id": "6147a049c2823a0044ddc11f",
				"department": "Sound",
				"job": "Sound Re-Recording Mixer"
			},
			{
				"adult": false,
				"gender": 0,
				"id": 584598,
				"known_for_department": "Production",
				"name": "Hutch Parker",
				"original_name": "Hutch Parker",
				"popularity": 0.99,
				"profile_path": "/8hIIZHtalXAxJovRWS3sxFwCQbI.jpg",
				"credit_id": "5d8d50d48289a00029ca71ed",
				"department": "Production",
				"job": "Producer"
			},
			{
				"adult": false,
				"gender": 1,
				"id": 940376,
				"known_for_department": "Writing",
				"name": "Kelly Marcel",
				"original_name": "Kelly Marcel",
				"popularity": 5.226,
				"profile_path": "/thpdVW7O1975GcA3eNs1H8UIlmd.jpg",
				"credit_id": "6099c3d72790bf003e23a87b",
				"department": "Writing",
				"job": "Screenplay"
			},
			{
				"adult": false,
				"gender": 1,
				"id": 940376,
				"known_for_department": "Writing",
				"name": "Kelly Marcel",
				"original_name": "Kelly Marcel",
				"popularity": 5.226,
				"profile_path": "/thpdVW7O1975GcA3eNs1H8UIlmd.jpg",
				"credit_id": "6099c48174645700405b2012",
				"department": "Production",
				"job": "Producer"
			},
			{
				"adult": false,
				"gender": 1,
				"id": 940376,
				"known_for_department": "Writing",
				"name": "Kelly Marcel",
				"original_name": "Kelly Marcel",
				"popularity": 5.226,
				"profile_path": "/thpdVW7O1975GcA3eNs1H8UIlmd.jpg",
				"credit_id": "6099c3f43520e8003d019f76",
				"department": "Writing",
				"job": "Story"
			},
			{
				"adult": false,
				"gender": 2,
				"id": 966721,
				"known_for_department": "Art",
				"name": "Dominic Capon",
				"original_name": "Dominic Capon",
				"popularity": 0.6,
				"profile_path": null,
				"credit_id": "60f47553af58cb0075fe894c",
				"department": "Art",
				"job": "Set Decoration"
			},
			{
				"adult": false,
				"gender": 2,
				"id": 977941,
				"known_for_department": "Production",
				"name": "Matt Tolmach",
				"original_name": "Matt Tolmach",
				"popularity": 4.096,
				"profile_path": "/8mniHJVwoJdVpwxW278yJwz8c1T.jpg",
				"credit_id": "5c5b3f319251413374b8dce1",
				"department": "Production",
				"job": "Producer"
			},
			{
				"adult": false,
				"gender": 0,
				"id": 1115738,
				"known_for_department": "Sound",
				"name": "Robert Stambler",
				"original_name": "Robert Stambler",
				"popularity": 0.613,
				"profile_path": null,
				"credit_id": "6147a0c1e55937002995d8d3",
				"department": "Sound",
				"job": "Sound Designer"
			},
			{
				"adult": false,
				"gender": 2,
				"id": 1125755,
				"known_for_department": "Visual Effects",
				"name": "Ankur Mishra",
				"original_name": "Ankur Mishra",
				"popularity": 0.6,
				"profile_path": null,
				"credit_id": "6147a1af9450fe00431c3837",
				"department": "Visual Effects",
				"job": "VFX Artist"
			},
			{
				"adult": false,
				"gender": 0,
				"id": 1184487,
				"known_for_department": "Directing",
				"name": "Max Sturgeon",
				"original_name": "Max Sturgeon",
				"popularity": 0.6,
				"profile_path": null,
				"credit_id": "6157e04469eb90002a23ecf6",
				"department": "Directing",
				"job": "Second Assistant Director"
			},
			{
				"adult": false,
				"gender": 2,
				"id": 1195200,
				"known_for_department": "Writing",
				"name": "David Michelinie",
				"original_name": "David Michelinie",
				"popularity": 1.173,
				"profile_path": null,
				"credit_id": "5dea532927d9cc0017ea9970",
				"department": "Writing",
				"job": "Characters"
			},
			{
				"adult": false,
				"gender": 2,
				"id": 1322142,
				"known_for_department": "Art",
				"name": "Tom Brown",
				"original_name": "Tom Brown",
				"popularity": 0.732,
				"profile_path": null,
				"credit_id": "60f47507da9ef2002dd5754c",
				"department": "Art",
				"job": "Supervising Art Director"
			},
			{
				"adult": false,
				"gender": 2,
				"id": 1325917,
				"known_for_department": "Art",
				"name": "Simon Lamont",
				"original_name": "Simon Lamont",
				"popularity": 1.392,
				"profile_path": null,
				"credit_id": "60f47524ad87f70047866cf6",
				"department": "Art",
				"job": "Art Direction"
			},
			{
				"adult": false,
				"gender": 2,
				"id": 1327792,
				"known_for_department": "Costume & Make-Up",
				"name": "Marco Scotti",
				"original_name": "Marco Scotti",
				"popularity": 0.829,
				"profile_path": null,
				"credit_id": "6164e6de1ad93b002c694a25",
				"department": "Costume & Make-Up",
				"job": "Costume Supervisor"
			},
			{
				"adult": false,
				"gender": 0,
				"id": 1338484,
				"known_for_department": "Sound",
				"name": "Chris Terhune",
				"original_name": "Chris Terhune",
				"popularity": 0.614,
				"profile_path": null,
				"credit_id": "6147a0cd55c9260029eb0195",
				"department": "Sound",
				"job": "Sound Effects Editor"
			},
			{
				"adult": false,
				"gender": 2,
				"id": 1338585,
				"known_for_department": "Visual Effects",
				"name": "Brian Adler",
				"original_name": "Brian Adler",
				"popularity": 0.6,
				"profile_path": null,
				"credit_id": "60f477825545ca007c905398",
				"department": "Visual Effects",
				"job": "Visual Effects"
			},
			{
				"adult": false,
				"gender": 2,
				"id": 1378171,
				"known_for_department": "Sound",
				"name": "Kevin O’Connell",
				"original_name": "Kevin O’Connell",
				"popularity": 1.048,
				"profile_path": null,
				"credit_id": "6147a09c0486380043310c81",
				"department": "Sound",
				"job": "Sound Re-Recording Mixer"
			},
			{
				"adult": false,
				"gender": 2,
				"id": 1384388,
				"known_for_department": "Crew",
				"name": "James M. Churchman",
				"original_name": "James M. Churchman",
				"popularity": 0.6,
				"profile_path": "/aOp3mxBns6ktT03kx9y1OU08ZOY.jpg",
				"credit_id": "61379f3f6e0d7200624ea4d8",
				"department": "Crew",
				"job": "Stunt Coordinator"
			},
			{
				"adult": false,
				"gender": 2,
				"id": 1389133,
				"known_for_department": "Sound",
				"name": "Will Files",
				"original_name": "Will Files",
				"popularity": 1.38,
				"profile_path": null,
				"credit_id": "6147a08322df2e009305a6e9",
				"department": "Sound",
				"job": "Sound Designer"
			},
			{
				"adult": false,
				"gender": 2,
				"id": 1389133,
				"known_for_department": "Sound",
				"name": "Will Files",
				"original_name": "Will Files",
				"popularity": 1.38,
				"profile_path": null,
				"credit_id": "6147a07d70309f0042607307",
				"department": "Sound",
				"job": "Sound Re-Recording Mixer"
			},
			{
				"adult": false,
				"gender": 0,
				"id": 1393323,
				"known_for_department": "Visual Effects",
				"name": "Barrie Hemsley",
				"original_name": "Barrie Hemsley",
				"popularity": 0.6,
				"profile_path": null,
				"credit_id": "6147a195168935008f0c2642",
				"department": "Visual Effects",
				"job": "Visual Effects Producer"
			},
			{
				"adult": false,
				"gender": 0,
				"id": 1393323,
				"known_for_department": "Visual Effects",
				"name": "Barrie Hemsley",
				"original_name": "Barrie Hemsley",
				"popularity": 0.6,
				"profile_path": null,
				"credit_id": "6157e0a267dcc90043ea94dc",
				"department": "Production",
				"job": "Co-Producer"
			},
			{
				"adult": false,
				"gender": 2,
				"id": 1396620,
				"known_for_department": "Crew",
				"name": "George Kirby",
				"original_name": "George Kirby",
				"popularity": 0.6,
				"profile_path": null,
				"credit_id": "61379f5eb7abb5006236952a",
				"department": "Crew",
				"job": "Fight Choreographer"
			},
			{
				"adult": false,
				"gender": 0,
				"id": 1400071,
				"known_for_department": "Sound",
				"name": "Erin Oakley",
				"original_name": "Erin Oakley",
				"popularity": 0.6,
				"profile_path": null,
				"credit_id": "6147a0ac9f0e1900647f1b3c",
				"department": "Sound",
				"job": "Supervising Sound Editor"
			},
			{
				"adult": false,
				"gender": 0,
				"id": 1405385,
				"known_for_department": "Visual Effects",
				"name": "Sheena Duggal",
				"original_name": "Sheena Duggal",
				"popularity": 0.6,
				"profile_path": null,
				"credit_id": "61379d54e93e950044e1a422",
				"department": "Visual Effects",
				"job": "Visual Effects Supervisor"
			},
			{
				"adult": false,
				"gender": 0,
				"id": 1411077,
				"known_for_department": "Production",
				"name": "Angus More Gordon",
				"original_name": "Angus More Gordon",
				"popularity": 0.6,
				"profile_path": null,
				"credit_id": "5e9fb9b7db72c00019eee34e",
				"department": "Production",
				"job": "Co-Producer"
			},
			{
				"adult": false,
				"gender": 1,
				"id": 1425616,
				"known_for_department": "Production",
				"name": "Amy Pascal",
				"original_name": "Amy Pascal",
				"popularity": 0.982,
				"profile_path": "/texxoBV4naFHyuSii6jyxlfuEvK.jpg",
				"credit_id": "5c5b3f219251413389b8bbd0",
				"department": "Production",
				"job": "Producer"
			},
			{
				"adult": false,
				"gender": 0,
				"id": 1485682,
				"known_for_department": "Sound",
				"name": "Matt Cavanaugh",
				"original_name": "Matt Cavanaugh",
				"popularity": 0.989,
				"profile_path": null,
				"credit_id": "6147a0565e1200004239ab84",
				"department": "Sound",
				"job": "Sound Effects Editor"
			},
			{
				"adult": false,
				"gender": 0,
				"id": 1669138,
				"known_for_department": "Sound",
				"name": "Ken McGill",
				"original_name": "Ken McGill",
				"popularity": 0.6,
				"profile_path": null,
				"credit_id": "6147a0929450fe00431c35fe",
				"department": "Sound",
				"job": "Sound Effects Editor"
			},
			{
				"adult": false,
				"gender": 0,
				"id": 1763971,
				"known_for_department": "Art",
				"name": "Alex Brandenburg",
				"original_name": "Alex Brandenburg",
				"popularity": 0.6,
				"profile_path": null,
				"credit_id": "60f4754933a533002d18c36e",
				"department": "Art",
				"job": "Set Decoration"
			},
			{
				"adult": false,
				"gender": 0,
				"id": 1812144,
				"known_for_department": "Editing",
				"name": "Jane Tones",
				"original_name": "Jane Tones",
				"popularity": 0.6,
				"profile_path": null,
				"credit_id": "6157e0fad2147c008d044661",
				"department": "Editing",
				"job": "Additional Editing"
			},
			{
				"adult": false,
				"gender": 0,
				"id": 1842148,
				"known_for_department": "Sound",
				"name": "Justin M. Davey",
				"original_name": "Justin M. Davey",
				"popularity": 1.4,
				"profile_path": null,
				"credit_id": "6147a062bf77440045691cb3",
				"department": "Sound",
				"job": "Sound Effects Editor"
			},
			{
				"adult": false,
				"gender": 0,
				"id": 1842149,
				"known_for_department": "Sound",
				"name": "Matt Yocum",
				"original_name": "Matt Yocum",
				"popularity": 0.6,
				"profile_path": null,
				"credit_id": "6147a0dab5bc21008ce8980d",
				"department": "Sound",
				"job": "Sound Effects Editor"
			},
			{
				"adult": false,
				"gender": 2,
				"id": 1888010,
				"known_for_department": "Crew",
				"name": "Tom DeFalco",
				"original_name": "Tom DeFalco",
				"popularity": 1.4,
				"profile_path": "/6GCTvuP3D0utUA8jk5k99s0MySK.jpg",
				"credit_id": "5dea536d11386c00165a2965",
				"department": "Writing",
				"job": "Characters"
			},
			{
				"adult": false,
				"gender": 0,
				"id": 1936130,
				"known_for_department": "Visual Effects",
				"name": "Paul Boyd",
				"original_name": "Paul Boyd",
				"popularity": 0.6,
				"profile_path": null,
				"credit_id": "60f477c0f90b1900746afd95",
				"department": "Visual Effects",
				"job": "Visual Effects"
			},
			{
				"adult": false,
				"gender": 0,
				"id": 1948310,
				"known_for_department": "Visual Effects",
				"name": "Daniel Booty",
				"original_name": "Daniel Booty",
				"popularity": 0.695,
				"profile_path": null,
				"credit_id": "60f477a312c60400466e3274",
				"department": "Visual Effects",
				"job": "Visual Effects Producer"
			},
			{
				"adult": false,
				"gender": 0,
				"id": 2004978,
				"known_for_department": "Costume & Make-Up",
				"name": "Frances Darvell White",
				"original_name": "Frances Darvell White",
				"popularity": 0.6,
				"profile_path": null,
				"credit_id": "60f47600f1759c0076589ac5",
				"department": "Costume & Make-Up",
				"job": "Makeup Artist"
			},
			{
				"adult": false,
				"gender": 0,
				"id": 2059959,
				"known_for_department": "Costume & Make-Up",
				"name": "Joanna Eatwell",
				"original_name": "Joanna Eatwell",
				"popularity": 0.6,
				"profile_path": null,
				"credit_id": "60f4755ec439c00072800baa",
				"department": "Costume & Make-Up",
				"job": "Costume Design"
			},
			{
				"adult": false,
				"gender": 0,
				"id": 2096524,
				"known_for_department": "Crew",
				"name": "Russell Bowen",
				"original_name": "Russell Bowen",
				"popularity": 0.98,
				"profile_path": null,
				"credit_id": "60f477b1b84cdd0045b08373",
				"department": "Visual Effects",
				"job": "Visual Effects Supervisor"
			},
			{
				"adult": false,
				"gender": 0,
				"id": 2109298,
				"known_for_department": "Costume & Make-Up",
				"name": "Elizabeth Fox",
				"original_name": "Elizabeth Fox",
				"popularity": 0.6,
				"profile_path": null,
				"credit_id": "60f475c6b84cdd007ebd39a0",
				"department": "Costume & Make-Up",
				"job": "Makeup Artist"
			},
			{
				"adult": false,
				"gender": 0,
				"id": 2150916,
				"known_for_department": "Visual Effects",
				"name": "Emanuele Goffredo",
				"original_name": "Emanuele Goffredo",
				"popularity": 0.6,
				"profile_path": null,
				"credit_id": "6147a1532b531d0043155f2b",
				"department": "Visual Effects",
				"job": "VFX Artist"
			},
			{
				"adult": false,
				"gender": 0,
				"id": 2264331,
				"known_for_department": "Sound",
				"name": "Sam Fan",
				"original_name": "Sam Fan",
				"popularity": 0.6,
				"profile_path": null,
				"credit_id": "6147a073e559370089e754c3",
				"department": "Sound",
				"job": "Sound Effects Editor"
			},
			{
				"adult": false,
				"gender": 0,
				"id": 2476524,
				"known_for_department": "Writing",
				"name": "Mark Bagley",
				"original_name": "Mark Bagley",
				"popularity": 1.052,
				"profile_path": null,
				"credit_id": "5dea533d3faba00013179c3e",
				"department": "Writing",
				"job": "Characters"
			},
			{
				"adult": false,
				"gender": 2,
				"id": 2808013,
				"known_for_department": "Visual Effects",
				"name": "Reetu Aggarwal",
				"original_name": "Reetu Aggarwal",
				"popularity": 1.96,
				"profile_path": null,
				"credit_id": "60f47791b865eb0060b0eebb",
				"department": "Visual Effects",
				"job": "Visual Effects"
			},
			{
				"adult": false,
				"gender": 0,
				"id": 2851189,
				"known_for_department": "Costume & Make-Up",
				"name": "Jess Clarke",
				"original_name": "Jess Clarke",
				"popularity": 0.6,
				"profile_path": null,
				"credit_id": "60f47570af58cb0075fe8968",
				"department": "Costume & Make-Up",
				"job": "Makeup Artist"
			},
			{
				"adult": false,
				"gender": 0,
				"id": 3162828,
				"known_for_department": "Costume & Make-Up",
				"name": "Mona Turnbull",
				"original_name": "Mona Turnbull",
				"popularity": 0.6,
				"profile_path": null,
				"credit_id": "60f475f3e72fe8002f87c38c",
				"department": "Costume & Make-Up",
				"job": "Makeup Artist"
			},
			{
				"adult": false,
				"gender": 0,
				"id": 3162830,
				"known_for_department": "Sound",
				"name": "Calvin Richard Evans Watson",
				"original_name": "Calvin Richard Evans Watson",
				"popularity": 0.6,
				"profile_path": null,
				"credit_id": "60f4761caf58cb0075fe8b54",
				"department": "Sound",
				"job": "Sound Designer"
			},
			{
				"adult": false,
				"gender": 0,
				"id": 3173958,
				"known_for_department": "Visual Effects",
				"name": "Alvaro Garcia",
				"original_name": "Alvaro Garcia",
				"popularity": 0.6,
				"profile_path": null,
				"credit_id": "6147a143e5593700617932ce",
				"department": "Visual Effects",
				"job": "VFX Artist"
			},
			{
				"adult": false,
				"gender": 0,
				"id": 3240403,
				"known_for_department": "Visual Effects",
				"name": "Aviv Bar-Ami",
				"original_name": "Aviv Bar-Ami",
				"popularity": 0.6,
				"profile_path": null,
				"credit_id": "6147a11edaf57c0061027518",
				"department": "Visual Effects",
				"job": "VFX Artist"
			},
			{
				"adult": false,
				"gender": 2,
				"id": 3240405,
				"known_for_department": "Visual Effects",
				"name": "Jared Hasselbach",
				"original_name": "Jared Hasselbach",
				"popularity": 0.6,
				"profile_path": null,
				"credit_id": "6147a1709450fe008ed4989d",
				"department": "Visual Effects",
				"job": "VFX Artist"
			},
			{
				"adult": false,
				"gender": 0,
				"id": 3282114,
				"known_for_department": "Visual Effects",
				"name": "Shailesh Chibire",
				"original_name": "Shailesh Chibire",
				"popularity": 0.6,
				"profile_path": null,
				"credit_id": "6174c575894ed60042028f67",
				"department": "Visual Effects",
				"job": "Modeling"
			},
			{
				"adult": false,
				"gender": 2,
				"id": 3315278,
				"known_for_department": "Visual Effects",
				"name": "Christoph Westphal",
				"original_name": "Christoph Westphal",
				"popularity": 0.6,
				"profile_path": null,
				"credit_id": "6196a4975c071b002a7afdc8",
				"department": "Visual Effects",
				"job": "VFX Artist"
			}
		]
	}
}
